{"timestamp": "2025-12-25T02:55:47.672081", "samples_count": 6791, "true_positive": 313, "false_positive": 27, "true_negative": 752, "false_negative": 5699, "precision": 0.9205882352941176, "recall": 0.05206254158349967, "f1_score": 0.09855163727959698, "avg_risk_score_normal": 28.21438948684768, "avg_risk_score_anomaly": 10.452274025573267}